mu,omega,alpha[1],beta[1]
-0.008641740934588405,0.7105759805644296,0.32454307402419896,0.5629280027141732
-0.0038517424169528334,0.36526819222947526,0.3927876907298065,0.604798893734126
0.003752732457876244,0.3570918393027528,0.3022330068786665,0.69325041360142
0.01163460174913864,0.43514048373613295,0.32255712837540373,0.6507092398930179
-0.0006896416461262059,0.46928884025849815,0.3483844973447343,0.6360354888574675
0.002207470121825199,0.4929461268175914,0.33754361360814344,0.6557335371092607
-0.02131031798992296,0.6192454965817062,0.3575309977562557,0.5602532511999138
-0.005776680928978573,0.6588841916855385,0.3736572538083122,0.5654337272314951
-0.006461236793597203,0.531161197814424,0.3992608993006424,0.5887153483528078
0.00034344993291935896,0.4576144877371852,0.36360359747086285,0.6112079443172209
-0.021933462192288873,0.3381850532688897,0.31210714474768136,0.6866113438347414
-0.0197455117044043,0.5700079419866781,0.396739113808968,0.563041670588485
-0.04894681446017788,0.45678143053364484,0.34322723571440944,0.6036317489431042
-0.004983047595272425,0.6082261122577098,0.32047294978892615,0.5819735469959365
-0.031176763246143317,0.5403816594584103,0.35777992656297464,0.5931859505671161
-0.012431146270286979,0.5079176906688276,0.29250382233949124,0.643803814261983
-0.003714086257534936,0.5550741569520761,0.39417481338892274,0.6017294534238634
-0.022904451645301242,0.5026148617538179,0.30775711611242557,0.6140465051534317
-0.024315910227041417,0.5263817639144678,0.3480229112439289,0.6088200147360605
-0.008034951532679389,0.6658343586563665,0.38035931486328095,0.5886921852676645
-0.024303388306509546,0.35694751528386315,0.38287091229252246,0.6089004953992483
0.02989830651366291,0.549486108319832,0.3251009479951764,0.59444116444768
-0.038473712381424253,0.4875286987744593,0.30989477236424656,0.6584281534097082
0.025621469859770915,0.5749428839708709,0.4468238271079394,0.5143016342693975
-0.03484516029796162,0.42812785205344395,0.4173575990540235,0.5704305429419382
-0.028821736469708287,0.7014811972760754,0.3738588442936323,0.509194881076798
0.004548573384860191,0.5283779609170911,0.3372343624643166,0.5823824327300087
-0.010496802426677134,0.42225246268034905,0.3557799112845667,0.6094797934525973
-0.042266134899371845,0.5287186633476164,0.3505974138537029,0.5970245611548265
-0.03188431595555682,0.7213217223709818,0.37849132097902527,0.5175945046934667
-0.04971463490159779,0.525153590274215,0.3502117262039836,0.5770684017932919
-0.018916540015247785,0.332028942408444,0.31380394425135383,0.661653138435081
-0.008770248732782137,0.43511220577796716,0.33901027391245286,0.6310312510214303
0.012332472886206104,0.5310450984929225,0.3177864505830631,0.6352091147555585
-0.005772659218015075,0.5724375659598728,0.3515296942279672,0.5946767652795785
-0.016995631497958075,0.44423205547712286,0.3559553520382875,0.6348266471862609
0.004532895350933671,0.3928803491924938,0.3062712932627237,0.6505150348303125
0.02069869111398468,0.5845218089675837,0.35532249406121896,0.5997420161986636
-0.014012510196657195,0.5134417429297371,0.3060570916767579,0.6149188996016228
0.013364642158761505,0.49585952996253446,0.38431400064975685,0.605973654942519
-0.006440126173049927,0.739256510003216,0.4110392952876012,0.5090302168255779
0.00030549157130514877,0.6155008445043921,0.45611442160472493,0.5242476202887039
0.011159021756468891,0.4709479319578734,0.40106754113225707,0.5920937758021754
0.006252087424640918,0.4089054238856443,0.3600287958206713,0.6090413085247179
0.017672711063569532,0.4579196062455809,0.2593827852319732,0.6815123237020825
-0.04647188124786075,0.3553392327607528,0.3987792711570786,0.5988160807444164
-0.0008095974427425896,0.6535905376034012,0.3504874487336569,0.5818358343661589
-0.06093233756251664,0.3806359473253848,0.28907447049925583,0.7063652415111508
0.0030841079492643763,0.4615262023561536,0.3828623890482985,0.6069292759696527
0.0037780631780386324,0.41925303296193767,0.3598558649731207,0.6231833031106079
-0.045093217889248804,0.7081371509191345,0.3050034918003279,0.5312826119244518
-0.016230879351910126,0.4887238688576386,0.40152917946450134,0.5888129144559139
-0.02832034166351867,0.3907603538194008,0.29835938595737166,0.6533830835936904
-0.03022333865794901,0.6020640141747251,0.40172234330431605,0.5625794928018918
0.0037202207493810206,0.443675728259263,0.26518056133854045,0.6796475363996578
-0.025080880457923824,0.49773240536109736,0.3202651325772769,0.6525085345200061
0.007701843951181822,0.4709998417579881,0.2876412372716012,0.6612425001832947
-0.0499784325358386,0.355102455696521,0.28945907067434823,0.6585236950707185
-0.013410751960243477,0.5825388817532466,0.3743151124145228,0.6237203304439615
-4.4761204179165695e-05,0.43556015966506667,0.3620345858693071,0.6184314246486988
0.01206800530383234,0.5161549682506983,0.4006854457681647,0.581746191261215
-0.053208384326317214,0.6725676175448623,0.3556995315978317,0.5274157051370478
0.04152384569571319,0.8529522566472902,0.38129650479498906,0.4903781591739867
-0.04348481239626521,0.4738488666381979,0.3829060523120934,0.5978510219989608
0.014909458423856025,0.5563099323951339,0.32611417152518063,0.609477528805086
-0.06075923218761128,0.45783316216524567,0.4089447446382576,0.5734340680535328
-0.005950068540880926,0.6636868296831118,0.3428238600670273,0.5671119067936887
-0.01010954096424363,0.4335295653501685,0.3390171028455088,0.6201656778877398
-0.03920383998417897,0.5242301325095728,0.3116702940600202,0.6189596575110772
-0.012585686012778624,0.39932326846928284,0.36107201433701863,0.6210207625304791
-0.01269313232617934,0.36589974493391664,0.29182481631429863,0.664521353275239
-0.017799047095207566,0.7738608813953194,0.3310212839566902,0.5206492577021313
-0.009547784091682058,0.4543323598431296,0.37863510287619984,0.5652064367449235
0.010769165330028608,0.325909759052198,0.3098048321138753,0.6817470131256967
0.005245814799285953,0.48642416606107947,0.3927804922808452,0.5996073208310957
-0.029956854068970466,0.6441938564607825,0.41074090004800645,0.5368952847611013
-0.02875329956205063,0.598970923709023,0.3846524087030714,0.5312010537897143
-0.007573209938705206,0.4604021032558182,0.3551385053180134,0.6096536534242388
0.02455133228708105,0.6044119035416324,0.289227949238017,0.6901210594315432
-0.02044052394983579,0.4888264810726859,0.27046203780030864,0.6730014192687678
-0.0004594171885680728,0.44648138131157245,0.3117550484332953,0.673892667388585
0.03233970718444892,0.6107928059294712,0.4096353164412887,0.5385990504655056
-0.003004516861210489,0.4422112369608005,0.3324839143695432,0.6030452727288483
0.023977442176155862,0.37748759005346,0.32854942480645793,0.6620203004074109
0.012921668083711533,0.523330846042838,0.3710212941761818,0.5836183600217948
-0.02886779149612983,0.6513164079525249,0.37911766669726155,0.5430528147936868
-0.045725149998999216,0.44081156026035007,0.28586203571277147,0.6991716964064174
0.0024780055073601193,0.5186673133425117,0.24895915098215557,0.6909001729530266
0.00504164467549092,0.5275681454283994,0.3092217814581016,0.6456617546277014
-0.006305713836931736,0.47227271693916484,0.3390382577683291,0.6271344333572859
-0.0342591267437649,0.2877857424631348,0.22816768549000987,0.7549531210040648
-0.028691068660538728,0.7617667491854286,0.34888887409955066,0.5347739817234685
-0.017551181898207792,0.5479279444529844,0.3572669659772449,0.5672609725874675
-0.01858874062679046,0.6170877995467765,0.4001224831370793,0.5196428981799388
-0.06053543243219944,0.38817531465430144,0.3922913396364212,0.5889950509124995
-0.0025453814716510405,0.5873072747035116,0.32266414905366614,0.6109871004343961
-0.050231064746686455,0.2580317951209917,0.3534558936666801,0.6371242357106539
-0.01308629315254626,0.46666354763174456,0.31628123079014947,0.6450141360095497
0.003453093719473879,0.5241268397600962,0.41189255218558524,0.574091787258948
-0.014006451199184915,0.3726761634459728,0.2609800824170624,0.708022041463397
-0.011776688722578232,0.5495279560621922,0.3753224181335066,0.5506200832706818
-0.028517460340324326,0.557433523666271,0.3521896106464266,0.5685487377856879
-0.004450442634185968,0.5439406298504992,0.3229992702977922,0.6324786471162127
-0.017070240674637333,0.4396003812092482,0.3625329779971801,0.6128849927315256
-0.008363627307557596,0.44869226401809836,0.35814302004423104,0.5979491992688754
-0.03818069469846829,0.43748265097513067,0.40424018211503576,0.5465299792911048
-0.009208347115489469,0.6766410208847409,0.38534478065016503,0.5339563118851106
-0.02809724252151191,0.569644481125252,0.3466977026450796,0.5778054387987707
0.02580028274619562,0.4211022030684785,0.41699655980865713,0.5794854210571619
-0.018878693667629384,0.486313675691045,0.4042519142142596,0.5704225154672269
-0.013285540210713867,0.5691583978571887,0.30643083291623513,0.6304538754816843
-0.03873353441486141,0.48742450572133833,0.4001286755713161,0.5776822260473556
-0.007961526031764988,0.4815089357977436,0.34966275891884796,0.5973544607723712
-0.05575248164089584,0.2796264020165319,0.324517361905699,0.659697523655667
-0.014871941370130988,0.40311514936127485,0.3436236358445586,0.6516573465531741
-0.03686034914360162,0.34359734327839686,0.3806730298643958,0.6165145594952653
0.013819900038776057,0.5547181953740125,0.3786212501582702,0.5655501302752294
-0.028071654646438224,0.7992612040964513,0.31450964251068037,0.5392782382115693
-0.0054884279253746265,0.5057813867678578,0.3082443578552437,0.6065032879286175
-0.016815683656088203,0.4520672598877644,0.4428462061638975,0.5324342359468243
-0.028067291248173386,0.4069636470033136,0.30942487552867914,0.6879650907425684
-0.011487232976943729,0.4567976843492039,0.31330789577985685,0.643112443877357
0.009905184229896344,0.5757927057835582,0.3777315370306579,0.5931665868046997
-0.012145919809303424,0.3459077527257516,0.2989689150555966,0.6278772046944564
-0.05038212116595651,0.40230597541141494,0.19024006679242988,0.7808632515502983
-0.020292961982551046,0.4218044402472536,0.2846643895708229,0.6716185242114122
-0.034634483454675624,0.3498684624865941,0.36713313727806873,0.6275363451241961
0.000603184451384714,0.38965502380217276,0.3636151329413862,0.630413448705671
-0.03635210354893922,0.49555367496882385,0.27752011613039945,0.6490783773009066
-0.05369149856222766,0.721988167391923,0.37670647212109803,0.5357857602327851
-0.022048976332785842,0.4654413666444446,0.38467704849399,0.6039844410958245
0.004148316077905353,0.5256574276041062,0.41389377041708625,0.5634142883490791
-0.02195555493729494,0.529149619826478,0.33478737182105484,0.634730130061629
-0.03623832028671213,0.5341017180657821,0.3890466067684349,0.5762795796577158
-0.032446570764183676,0.49838536178412174,0.36851155515254286,0.6185811033222304
-0.03164108458610522,0.4595836198898139,0.2895920590478482,0.6824203424272044
-0.04439046315032999,0.38123284898519416,0.3177928319930129,0.6424843767915087
-0.03923725081775645,0.5484134290217443,0.39681317046508735,0.5515585245454978
-0.008733181191859942,0.5752062810081713,0.363180063776197,0.586335573849186
0.02322300208227561,0.42835129197486843,0.340898331548202,0.639344032102607
-0.03262095568310035,0.4676019773696116,0.26155577723452755,0.6881630543337403
-0.06368562192971873,0.36840824679803635,0.4072871898023108,0.5864935112283918
-0.019069425262808113,0.57509842416716,0.3408248177180814,0.5637279380107035
0.041531409596452976,0.5669587020743148,0.34851388173702025,0.6371117068838827
-0.03919025705358263,0.4571407220864717,0.32427517221500385,0.6044707990175696
-0.01803342505057382,0.42392105753164616,0.29263818473281716,0.6430458172442771
-0.0029995532172020067,0.5116967722797424,0.3774685215214314,0.6032963679471295
-0.02474267231579616,0.5859363383505889,0.42290997296487687,0.555358652548513
-0.01943319518836035,0.4235306121416719,0.29631389099969696,0.6905878069840353
0.016633319623732067,0.5915045180943332,0.31877162387188007,0.5817847334484719
-0.0025787915239648355,0.6037409634945232,0.35252866256776605,0.5799802125854886
-0.0282492753153145,0.5027035455337883,0.3253812041592795,0.6144103206289837
-0.06928474611248094,0.4322199957072883,0.3127702757620974,0.6377891789257534
-0.03334696220738576,0.7133267066712494,0.29989057537246944,0.6249178872344234
0.0029779545954474376,0.5215902737891759,0.3849996921430028,0.5687329471110512
-0.005517040919458319,0.5704484017936853,0.36828046685489424,0.5615201183979498
-0.025961866049184622,0.23122364761986008,0.3188618305680212,0.6788485699274688
-0.02695422807480003,0.5101232569353746,0.37469842039407025,0.5822241724693594
-0.024234626896590068,0.44856962395940236,0.377897024589038,0.6150428393037268
-0.0032511992743372055,0.4605017275203663,0.4337710144421275,0.5616984789947269
-0.00692829644472702,0.4953790323639028,0.2736009747796499,0.6957533087510721
-0.03597844335778875,0.6414207802367302,0.341454826762959,0.5587399885897524
-0.0005379822428382766,0.42665401243562157,0.26640672058361026,0.7190427600136206
-0.03213364829005017,0.48204183015482205,0.26147146605580895,0.7217292349130964
-0.030872125848289793,0.825534902848915,0.3962064706579147,0.5063217179260053
-0.015305403847572173,0.5137636572677581,0.3236721447082621,0.5932810845823531
-0.009189026675011466,0.34001910454584156,0.37480958907596884,0.6078637244207649
-0.05185047289068854,0.40034446003287616,0.37958032343193904,0.6041947931581836
-0.003043765222079298,0.5080582379654011,0.37988111484314185,0.5786655077495318
-0.0037124965559971242,0.5119765932270844,0.46647861609720026,0.5088974158338624
0.029455831793434153,0.5874231575474492,0.39408523190171224,0.5650134165358394
-0.021207356627562318,0.4615525576542298,0.33485009756393663,0.6351515853658127
0.013497947366992622,0.6537984425010288,0.3737209236812671,0.5220459414320273
-0.004698613854146955,0.30308893032900197,0.3182501637957368,0.6646396492975425
0.017088849036269296,0.6082912889509506,0.42558591163843074,0.5035701873729381
-0.007966411002534833,0.5542056661775108,0.2934736353774515,0.6396266708131404
-0.03755192026187155,0.5177283922142355,0.2424095497808498,0.7225386327667795
-0.018201352239175544,0.4560520539734761,0.33829192548020426,0.6533555444457187
0.01679469124782603,0.41860108343903674,0.3341668745406777,0.6476758283801157
-0.007462761380362889,0.6461873100431559,0.3109287883672355,0.6291822691677077
-0.018670251877801296,0.4356619761208307,0.2504083371842101,0.7069615677615845
0.0006865871813487075,0.2869247010600612,0.28700975496070047,0.692756655424246
-0.021798519698686,0.5036476003173355,0.3039579282819228,0.6233016297217943
-0.0018947957819816907,0.36181431869481767,0.2818588426095109,0.6786745902814714
0.015294238318955588,0.49382060082637746,0.33695680728811717,0.6339689340049972
-0.02040527796847564,0.47502669463986014,0.40343562786237563,0.537976222051184
-0.018058779447584494,0.6321001975298856,0.24962822037226534,0.6463646375498843
0.013019499324761838,0.4426505132108734,0.40575633771146197,0.5868885978232031
0.0031827767214288784,0.709883714295122,0.4205829514089618,0.5072223394215102
0.02377628283041902,0.2633409209751526,0.2705903645460814,0.7196646762696843
-0.041057234800883684,0.48893017578520165,0.3418832142730533,0.6145414299710606
0.00538263307728735,0.49368459244004326,0.3979532913642433,0.5784783315841175
-0.03057533544746832,0.44946278174701637,0.3547419294722996,0.6027869053075107
-0.034901150158427124,0.5508162948685966,0.3445236246362746,0.6128801352718255
-0.014983119498119896,0.3126550178063803,0.267053267324294,0.7307071157361943
-0.04499251346229785,0.34145985158895725,0.3348971560895444,0.6494155858427021
-0.042222411232358044,0.547312456174986,0.3359144538180265,0.5812366221108614
-0.004376634859492832,0.4376302576820417,0.3282346315815641,0.6632069517773048
0.017083588204639094,0.3397056752063002,0.34448361500095087,0.6401365666596494
0.011416316199237586,0.38024478614476165,0.3876184694599148,0.5877805234609762
-0.007184667533456093,0.43533651222360453,0.3367165860854756,0.6401413553428135
-0.009164566627663098,0.6464440342366304,0.4252882103400846,0.5117986894751192
-0.05749817033892761,0.6152561464385532,0.41211705670521753,0.5587243858159152
-0.010330119569565518,0.6268540306604806,0.39486929566265716,0.5751421681848973
-0.021534318320233205,0.31606255764467395,0.30961168863482863,0.6650775844126804
0.0008031127807757565,0.367994917519252,0.26802722910481164,0.719852024224365
-0.018484742849848246,0.35913320124098475,0.29931224637767917,0.6582033754145766
-0.020090157068914184,0.36263510800272153,0.35355446517773204,0.6171679798280347
-0.01962612210151389,0.6461008452291888,0.34769409216567065,0.60642684325218
-0.021427223556186495,0.4850438427875099,0.39687340055335396,0.5952778963337202
-0.025439480584644174,0.3977456322679475,0.3782533844410627,0.5900236022553714
-0.03537729954496953,0.6167911603101006,0.3596465302204254,0.587868769360966
-0.012822060140755067,0.5642061649923137,0.32414721284524967,0.5577301172768063
-0.03045520463303112,0.23584675939505326,0.30370947528845205,0.6771927746587538
-0.0023804996300379033,0.4873649233987474,0.3237469799750956,0.6054398105844644
-0.022174119980010225,0.45794337561075643,0.30333903014289726,0.6891513520214603
-0.026974338563952063,0.6075475841814757,0.37084232580249027,0.5738714093531527
-0.0029152238044623333,0.42579403370981495,0.4111695472661565,0.561099276139871
-0.027896592063879344,0.45476290094796845,0.3962584285517361,0.5838276014002823
0.011480792812199834,0.5079551912701824,0.3448474249763966,0.6319009319033956
-0.02619062267415659,0.5825130361102965,0.3276002967936766,0.5834582162446396
-0.03407043859192,0.5629332032760344,0.3762838786757221,0.6030658509998346
0.014225404031967091,0.5657074048075951,0.4543011315152999,0.5251939801065919
-0.03017471813185648,0.6044247300381743,0.4041897450748329,0.5851333853904218
-0.024440583280959723,0.44758425080520026,0.3482603466968411,0.6252282923911282
-0.01906294896030216,0.3948088760536193,0.3699375357017903,0.6257671337445381
-0.0046916184447056,0.4146626915854369,0.264772030879715,0.7052804535341103
-0.05516474863280197,0.36800048223373283,0.3765754132195286,0.59391845048042
-0.010424110046434423,0.3544238063058656,0.3430610434966186,0.6554657996619224
0.017426041155340896,0.7045804911879752,0.4298063870794716,0.5088370106765664
0.003885030138968038,0.5329953819999917,0.35792415583244674,0.601049814006755
0.001459912469593887,0.5591379214447761,0.3915047229728038,0.5694909244164581
0.015115148042680231,0.36381942526963557,0.32585104369158335,0.6508494253284499
0.0033144597014216817,0.4782820125864854,0.34591548540237926,0.5872483790594581
-0.013756491410472088,0.6223809066632148,0.2715238042112911,0.609155663257726
-0.0031979312219187327,0.4283486854636708,0.38042925894018687,0.5986113645477129
-0.006094842773710801,0.39939135174749646,0.38707471566672663,0.5851030461091422
0.004829506087303091,0.44654015108482664,0.3629034037506852,0.6081541160848978
-0.03771996455218196,0.5016402403632829,0.2911468858865228,0.6168838861423014
-0.03034926050538822,0.6968836003260162,0.40368094051107417,0.5249972873939275
0.009626835903263185,0.6194114086542377,0.3944023779590508,0.5256708866316718
-0.019160523135444744,0.6009447310977867,0.2697178697144189,0.6313846312606569
-0.02092039591664054,0.6187796779921296,0.38896579995474434,0.5262261855240198
0.0012210096385768029,0.46286378648735627,0.40894270493166146,0.5808334367147525
0.002316044749870136,0.346813861188537,0.17660158490704997,0.712440406079011
-0.01994979818981943,0.46702776568734794,0.3941304232782046,0.5590948182510348
-0.027276985564224324,0.4208283115807277,0.2901143954144393,0.6618111918824817
-0.028778278786965705,0.4181341317006025,0.2936825358293599,0.6656921420393624
-0.03956118699041271,0.5782113479612853,0.3567242510707293,0.5365829424940752
-0.03051717386302883,0.4801057654223687,0.2696439385784217,0.6617158871860732
-0.007943499921891393,0.6704277139664095,0.342613986048972,0.543963704524025
-0.019308338700369715,0.3824471908028906,0.3195940124560382,0.6708809143934794
-0.006316380820475659,0.499779209485456,0.38660911684226806,0.5878246187363149
-0.016555115023210956,0.44828245479321277,0.3936376647402659,0.5942589126609564
0.0234739827346375,0.6803117357918917,0.39901722280563195,0.5341384105446036
-0.013158633769141665,0.37995850473945125,0.32248237150310816,0.6683589879213422
-0.009025855920490022,0.5168656526441674,0.3449843470611169,0.5961496689683828
-0.0034964813054620004,0.5433458056250068,0.311694128726074,0.6450410288930202
-0.0031363324574819173,0.4774293792517218,0.33351699113337535,0.6418388888536362
-0.013423860968907887,0.585599371623341,0.4157147046527714,0.5150150754715019
-0.0003654518173300883,0.4145951444013779,0.3288418827114514,0.6699606884067836
-0.010758198658087852,0.4079246167640674,0.3167358642919477,0.6682940041292686
-0.00529209336537076,0.6093710531164154,0.27988366180980456,0.5682862921997751
0.012284285949430167,0.37152693991910446,0.3210581005913819,0.6626878211351483
0.0030943531302753662,0.623180998128172,0.33706022195796853,0.5998719522249188
-0.0004964623978977577,0.3942970380375938,0.28628979061991033,0.6641620892698024
-0.027670841064963196,0.4962842117642068,0.2689616561234995,0.652212824027129
-0.0025262507350605635,0.5891193819056387,0.45976506750083196,0.5181821822116748
0.007275352254802069,0.4463199406385102,0.34930647721185487,0.631327093291291
-0.023195212299016714,0.31465997619555225,0.3202070894566451,0.6620282696617028
-0.011010656136299033,0.693204153971068,0.3609993207996781,0.5172267094736903
-0.05791612861512481,0.3989564095154234,0.34925645891751944,0.6316437079407884
-0.005990691728601706,0.48769888841313846,0.3922082186207533,0.605642918219655
0.01382577234388572,0.4423259230793227,0.3214430458793477,0.6263585598840894
-0.0022450793707131118,0.5164822053517795,0.38177081899730714,0.6005827099603452
0.03138343299407401,0.39511655387708244,0.35366554170440645,0.6283947758674746
-0.02854580045362371,0.44814605237254146,0.3717571707965192,0.6106833723763357
0.04288428845180501,0.417751744797004,0.3408247678976491,0.652723213648728
-0.029331175394048947,0.5221417641705561,0.346507071984895,0.6392331736753619
-0.006452686880634465,0.5451852700033477,0.3260698217473371,0.6357289260210391
-0.0014709693395180221,0.3569407453296,0.3020246574086209,0.6764705978225442
0.015044436838286058,0.49370740484959175,0.32527007704903077,0.6502958242193027
0.0413113779184911,0.2769328105823403,0.3760354567396303,0.617017396124476
-0.03125006711710716,0.5141057835598075,0.3274558049759887,0.6047245965984844
-0.006244370009062712,0.46254149324958554,0.30398938826565997,0.6633479119585978
-0.013179992822964894,0.6570090352597486,0.37898921136582064,0.536234107284991
-0.011020074032130699,0.538477166365396,0.35107257095357053,0.5576193521943951
-0.018182208399798533,0.42090621630249503,0.34836599064891316,0.6231682396017525
-0.008852579517190986,0.48456137176784025,0.36151108534101806,0.6288223473236063
-0.028673960595071483,0.3909700515384308,0.3330555200342671,0.6278239671934445
-0.013146795705369443,0.39243448159198135,0.30825249181332964,0.6611704841359015
-0.006449104715014988,0.5619716725945272,0.3892408746427252,0.5837469880551097
-0.029890970989567126,0.5612244999586421,0.4363486883800681,0.5111598595961397
-0.03144856423733345,0.4041650230724421,0.3479728513960206,0.6431802097749285
-0.04736516025402534,0.33114324931631406,0.3109901141024205,0.683550105876923
0.003006727086723145,0.3285579377648561,0.21992085142958787,0.7336335021282958
-0.0070816952740200435,0.7668669958791455,0.35649416616658186,0.5250934882002283
-0.0037127725975856594,0.6773069392169273,0.3517189788054926,0.5329758814462162
-0.016076935213112882,0.27355088892794316,0.3488272229105045,0.610731728578275
-0.023810752162168058,0.550316770881064,0.43869893629047074,0.48814833030675236
-0.06939454291805874,0.48535967768815,0.3208501868730171,0.6395014050391351
0.033027436927487185,0.43200986519122264,0.37048225197764356,0.6109590899103099
-0.050530456198099594,0.7559829244593628,0.43735791103327604,0.5169415551278349
-0.03322351391544313,0.34926353505327656,0.37937947227143615,0.6055963810706646
-0.040554949163333354,0.39046270516099385,0.34003728868768773,0.6065421677150711
-0.03325275288409857,0.5172884750441192,0.40304141124355586,0.5699574308113896
-0.022874190756549673,0.37788871796358486,0.40016253841490373,0.5577464289454364
-0.04350367660287059,0.42455191566741085,0.3901357774571205,0.6021448675747221
-0.029905687166932794,0.6373280744594896,0.38400501729846964,0.5231367885375094
-0.0239417250911439,0.4703280580277803,0.3604094572691062,0.6354829307904231
-0.006643408321368486,0.4455117708826965,0.3970249283141236,0.5814631028311122
-0.007412185013521392,0.5527436711863607,0.2897530197072846,0.635843460118323
-0.024530937837290944,0.77106957156383,0.389103786117572,0.5470821922709788
0.013979490417312857,0.682887323006033,0.3315403876472246,0.6060057333936854
-0.003920156127189279,0.5085925896948554,0.3106537095259225,0.5835694541139921
0.02070104571037231,0.6791811539180435,0.36563458862265036,0.5357951955438853
-0.017628696172725635,0.5447980408554971,0.36509777853233216,0.5690504262152315
0.00916135052917551,0.5399220300951563,0.3799329376425968,0.5773862911129202
-0.055671647568131546,0.24974837158162624,0.29020955974549245,0.6950741578018733
-0.017140231684942546,0.6027875702802936,0.30274681792890024,0.5909461515349836
-0.01850371244319797,0.5224650765559002,0.34627612840140803,0.6477570449958732
0.005726296242502283,0.698028112305336,0.3936018502398473,0.5153369890413441
-0.022998918955090736,0.457726377440983,0.2715916215792793,0.7206328788391353
-0.0033601027100696335,0.3644572661606493,0.3978786019043359,0.5796071798069541
-0.018466269426310123,0.39288446187602677,0.4174289490092184,0.556165835214712
0.0010693735908067405,0.5567372317810868,0.3015758747360724,0.6499441598516158
-0.04364529272793307,0.6509708202808913,0.40689585389124827,0.5306068885510367
-0.0065250225083705385,0.49464400362845795,0.2622233718503406,0.6731251584564826
0.0234254465478011,0.7060614606037383,0.4420812297210014,0.5201259595077542
0.03800086579269479,0.6639965750324496,0.4096585841400123,0.5333951440771635
0.01620432720844324,0.5418009799128167,0.3378152190322483,0.6449390372726206
-0.011265677200472904,0.532787125845263,0.41805118755677884,0.5661432186721453
-0.05089312096547684,0.4925909989665156,0.3411517912745414,0.6138924076501895
0.01950166635015626,0.5118619708060405,0.33470423512603426,0.626523373557677
-0.011378478693959602,0.5165198745331728,0.3543322653031957,0.5841386390756081
0.00012006638644434207,0.4475647098640249,0.3419801467241431,0.6231564796489782
-0.021371137488363886,0.5540930327457797,0.32361627135933696,0.585076364421904
-0.02040638499034044,0.45831299349656296,0.3636152588906736,0.6145387051655871
-0.046168692571817375,0.6186860371115624,0.38510044745410327,0.5534762060803764
-0.04414593685347844,0.2309934100853468,0.23565750873948782,0.7618339077103444
-0.010427364378213101,0.35509876378035693,0.30908402209482083,0.6191815861742492
-0.016157908531624642,0.42784104988757327,0.3044337415627804,0.675339489742746
0.006389790297983951,0.37212185225318906,0.3451104271942793,0.6305694180931036
-0.03062253895091307,0.4914759715849759,0.3462272172542469,0.6209316451149548
0.041238388458092766,0.5487731269729822,0.37136012838928245,0.6156029486214281
-0.03092834359150149,0.5075697809559243,0.3783985448719069,0.5516316279521212
-0.004459061055705035,0.408626519546086,0.3851457558728604,0.6089615508199668
0.009651920681428042,0.6330490481280331,0.3713161751013041,0.5278507944617986
-0.02196815306852442,0.5328410485796609,0.30341486309430177,0.665377105180387
-0.006332218508673164,0.31662050810698605,0.31104791139345805,0.676090975385379
0.017748316815052435,0.4903826346002415,0.33984262715039454,0.6214576932345488
0.011840302559297517,0.5268377532649433,0.349812258655657,0.6235992287569483
0.004531209120587016,0.41596053513102776,0.38931148069418975,0.5875858336852859
0.02018752861504592,0.514560526265882,0.3489810988671153,0.5611099402439738
-0.027739664446569612,0.37679466095685227,0.28358600991273125,0.6967845074161806
-0.013238506324904096,0.46707175991182553,0.3306362353800439,0.6283982738614773
0.007303008105940286,0.608608589605871,0.4221476925925542,0.550285228434264
0.0018401992799756354,0.6192979807108001,0.38075864325729913,0.5303685504434189
-0.02511964615398589,0.5119569348043864,0.3116316360787087,0.6278150965313382
-0.020941730397117997,0.4008669580903247,0.35068419882704366,0.6260395636065376
0.001346311363399872,0.5883524881626583,0.33206619506097257,0.6406685588228688
-0.014460015767114183,0.5791033593512046,0.26106968923179397,0.6016452518102667
-0.02703314399619089,0.6075910798022734,0.3576362579147148,0.5907798027674852
-0.027976977383620375,0.4653214822708493,0.3512855408834219,0.6399640737052519
-0.028732827738148378,0.41725040474476166,0.3125400715570879,0.6417614772820724
0.0067753066361349226,0.501637215373496,0.2922774059777826,0.6433119618024229
0.011327456735813786,0.45802319164764266,0.36099445953091774,0.6199909725962017
-0.03826957918651642,0.5003502482399756,0.37051329487773543,0.5893027063128332
0.006054356767053905,0.48576945145017036,0.40756432952955624,0.584528656014596
-0.024155385254529642,0.610386639932001,0.37350342902325967,0.5899638698568855
-0.034061692551602685,0.19097131766988323,0.3510421033185384,0.6450010020502358
-0.018128317952998164,0.6371015118496532,0.4398819398185381,0.49120748642925166
-0.05937308406869096,0.47910368900679173,0.23678817162039487,0.6869187928581064
-0.005832188823705925,0.5853440234340876,0.3652720996831244,0.5606087305916491
0.013286464863341308,0.41533773074257035,0.271303021522311,0.6807424482659921
-0.009980659154674724,0.4132713917172284,0.33118515990255326,0.6658220967233202
-0.0035463226835640727,0.6110660815139577,0.37364692583075604,0.6052775076790672
0.007336570654210532,0.5399552552855991,0.4742752648341083,0.5033157824919734
0.035672076656564876,0.42344554020673114,0.3841310476178104,0.6011630922014504
0.007135045794373825,0.4559152540023992,0.35828283268131284,0.6082411663194295
-0.006905373958517067,0.46561392424391446,0.38829566758420014,0.5474762232355526
-0.0026475648577823623,0.5538812910526136,0.4329274112235937,0.5196834635615033
2.819399563384027e-05,0.4163059007491005,0.34065433123919664,0.6141154471195938
-0.011918131208709016,0.522557432249783,0.3868239287987055,0.5981383966529842
0.012751392869552463,0.5785360760729916,0.3946171159326272,0.5699674188669536
-0.0225380623152779,0.5296849518120847,0.35336445306685804,0.5783253211975679
-0.026496752161818748,0.47072500418332575,0.3371105547178177,0.6297630579640185
-0.006053751686409913,0.44322943125611086,0.3632394869218551,0.6356171529345557
0.014625794349046662,0.6167263792931575,0.40365056057118653,0.5172198953766562
-0.00913549906863742,0.48320526106621836,0.30536039626226397,0.6417601599491927
-0.036463712146063754,0.45295865931620805,0.38629887201516533,0.5854691251084152
0.020139518873152427,0.26309272476242673,0.2867757948733876,0.7039113432857863
0.006451181961624164,0.5635176426430024,0.35819903398083813,0.6164227879544637
-0.004122571238898727,0.6110202042621046,0.3524718988072207,0.611458045226155
-0.030749011548892494,0.4950247696942199,0.3451035125526226,0.5932594698605579
0.0011690273086235464,0.4974029828583367,0.37409655633850014,0.5820224767943104
-0.02601065708121382,0.3950117726259562,0.312598562359453,0.6503930277804566
0.005116657395514522,0.45053545595248434,0.37463643525574314,0.6096753745650401
-0.027145778563054803,0.3336699803078734,0.3324198868403124,0.6637451831354761
-0.030196158923431755,0.48676832142296383,0.374140983913202,0.5904477206503778
0.010755582181156754,0.5576186196217527,0.3220051677202236,0.6349596650385587
-0.001688648430917471,0.24148839348750598,0.31757820597463055,0.674780175960159
-0.02565027551818832,0.5734704435609801,0.3103680308625592,0.6400057751754171
-0.03609777689933377,0.3132501582386853,0.2733381942910993,0.7157687025078128
-0.04358130858786497,0.470409643592864,0.2910452981572929,0.652872747540788
0.009277974564772794,0.5942544817049753,0.36034398659547356,0.567670209525656
0.037778993832723276,0.5797158966295954,0.4386405478255706,0.5473237745667595
-0.018885893416837315,0.5482352758056663,0.41796014721728053,0.5676411109700937
-0.032720828732224934,0.31345009960351633,0.34634141988038086,0.6458982136845418
-0.016359911726953842,0.595240785505108,0.4254819929223953,0.5421761757112633
-0.02852737282274071,0.46741917862125393,0.43608693882309263,0.5579946806139096
-0.06724837370864298,0.46648946560016585,0.38317758610031777,0.6094472047006674
0.00852514414554263,0.4559008191344344,0.31681645211704357,0.6445512222117958
-0.053635008990519165,0.42625854087200554,0.32951004379755267,0.6316611023515928
-0.03218910045913157,0.28591629501389676,0.2386383194081546,0.757324588041409
-0.016673547464562132,0.4768937051781977,0.31761453772419,0.6559875044788227
-0.02036831361211955,0.559997927067452,0.3588527513096881,0.6100833822035073
-0.0054509033045972224,0.6479271730618505,0.37549681991888617,0.5723107254890798
-0.011402539189744286,0.5031248641914174,0.35288530928910705,0.6134991751647646
-0.009344104858647609,0.6863135254735293,0.3646555319201653,0.5419890651118737
-0.03674612677779522,0.41986683421662035,0.3628628434052136,0.5944895926038044
-0.004907468692350608,0.6229681826886172,0.3698487702102821,0.5687834204665106
-0.02674438436870725,0.274013170233116,0.27305095872849267,0.6765639622623819
-0.032380753670780596,0.5010422617845296,0.34387391554787544,0.628446631556121
-0.0118410194985097,0.4381721329734474,0.24196409372339264,0.6920717251525796
-0.014358992978186758,0.3441057144885266,0.28425453230876196,0.706747758846449
-0.021046234893274653,0.3430294128730938,0.3369592502192875,0.6374754250092091
-0.012081923543650279,0.6264154394620921,0.34566831297213785,0.5663617650985785
0.024168729994433466,0.3543144901397473,0.35407449462209056,0.6378625102705445
-0.013503040431347136,0.39955931600025046,0.36835421755532577,0.6224599634281733
-0.03565690409739487,0.6313612335693449,0.33906286927537144,0.5442057053322149
0.0007797145511977549,0.5368441687787038,0.3259701899833287,0.6374691471931399
-0.049980924905408536,0.5365738916855811,0.35433542107095917,0.5952810999139087
0.006345154854274596,0.6533467396922295,0.3411802293323998,0.6169745818697869
-0.061750746219040274,0.3158736461474668,0.32352402866723207,0.6483983292374322
0.00702943590693335,0.3931790802036718,0.33563724364269,0.6336821900564794
-0.04325161449218904,0.39948330830899764,0.2744348034173364,0.6726093468682798
0.013707868424591643,0.7221762511416774,0.37868807893628836,0.5254165039934743
-0.03931120021708659,0.3842950457226014,0.33223872186852477,0.6452755749987484
0.017228956747068216,0.435245997720773,0.36671896958328026,0.6204991866291127
-0.0004232568378798613,0.4069907234120601,0.4028820829333975,0.5757258653694265
-0.0066345554435145795,0.3255462357968982,0.2810342875205089,0.6856339627238145
-0.00399027538208737,0.47278608899024105,0.4087354797402624,0.574150279507567
-0.020758541971932304,0.4991194682372263,0.350325485588062,0.578369662678976
-0.004496675810521133,0.5042968696171121,0.4244029602193614,0.5271507370435072
0.021053374944956828,0.6293942043752392,0.3705298831203422,0.5538105066424186
-0.02820085435220864,0.4977648627648524,0.3798195391033617,0.5683002785815312
-0.0016716824837148762,0.4186930146637543,0.3654431526723826,0.608952547443515
-0.029167861518429213,0.33565430531952634,0.32346713205583505,0.6414509172020788
-0.004192076072696647,0.33702657884739856,0.3401906450022644,0.6399015427798391
-0.010182640094694424,0.5332590082832749,0.3578869091913409,0.6355243963225948
-0.04794222534432308,0.49751588828863613,0.35494717652018165,0.6410507433428909
-0.017598377511102804,0.49193738187019576,0.3446349275924431,0.5918442573959648
-0.008757357476646545,0.4092639954958846,0.40267345255918735,0.5722665160224953
-0.011745796598902458,0.6017430423715553,0.44794326420931024,0.4980112756164523
0.014689264180601383,0.46017008951785177,0.2852432892693755,0.6638947421022252
-0.015583188796856603,0.4434953633429759,0.27273870437416764,0.663985740715386
0.0011896511572712688,0.6585354857816142,0.39464869655668927,0.5477854218967153
-0.0241511451822568,0.5461013453375256,0.40083962713334426,0.5696509222313391
-0.009160843260590218,0.48168816203535975,0.38439954628414924,0.5862260028540209
-0.034432875593392864,0.554042622217084,0.3901177557440124,0.585179943017715
0.013822413521479471,0.7061517355470486,0.3164400571641779,0.5553898349605568
-0.035489492805570344,0.5003512035786464,0.3456861025230808,0.5923437898656589
-0.029769571699062317,0.4164783680885707,0.30647387676351984,0.6574760940548119
-0.029754231996003078,0.4149306139914952,0.35106150880908915,0.623275293866073
-0.024999652642607284,0.4442981211401367,0.4270284268263491,0.5678309964362391
-0.044136182911857905,0.6526559607074647,0.35615574308075254,0.5861132547045259
-0.017217041246750157,0.48320899095535363,0.41774531683634003,0.5576785567275967
-0.017179471464652485,0.410039562527184,0.38540992073949937,0.6073016355130063
-0.008733583102338498,0.439513462181716,0.2789125439709011,0.6424011762644173
0.007569173527423445,0.32067242598880513,0.3587997613203852,0.6400305253255627
-0.015804549137943495,0.5176961804035961,0.3685500363482579,0.5510619985034388
-0.04160914079123077,0.4424614106844865,0.39262665059840784,0.6033588569941731
0.006049273177802404,0.6636310977851599,0.3326662354885526,0.5763565606268263
-0.016592465656019323,0.4594012598960058,0.32899528892234386,0.6536283923689234
-0.0072078432150709,0.40450796548685297,0.36956429680312,0.6242388727484467
0.009939970470497031,0.4768182830339562,0.34159765138607484,0.6094798678367901
0.01876073801870924,0.40193321447723346,0.35725886836853643,0.6309184895413402
0.005505655134107409,0.45198547732845834,0.3490464000947851,0.6366860566989245
0.01661012331195217,0.437553040635586,0.322846346930947,0.6602202079167442
-0.0008961293176163732,0.6156941212514706,0.3937369703655254,0.5955281774995219
-0.012481267542133483,0.5979978527765124,0.33973669475351437,0.5473875464230815
-0.018254860458936,0.5724760118613663,0.3787110622544206,0.5850133059463505
0.0008545498776706111,0.6810519587020265,0.3519244476734805,0.6010912531091618
-0.014174822199770079,0.336416252840363,0.3618601909885721,0.6333698940928769
-0.037981174078566424,0.49368108260288923,0.313704056601514,0.6595060802578666
-0.03633233788909095,0.5636098052320409,0.39234398065927634,0.5775120036656951
-0.03200174538889044,0.5090587622640942,0.3657131406421833,0.5952217768246072
-0.040130528252256575,0.44288482029001913,0.3110836752053892,0.6312024586640058
-0.00016010985878167454,0.7586725636585594,0.3270693711661151,0.5126422215418953
-0.021137261845950592,0.5763887097963369,0.4621266268342015,0.5212023892209603
-0.042240528563188294,0.5974391630188773,0.4818101319032503,0.4681637677770554
0.01986508029915135,0.5891469466832053,0.32941242569749307,0.662748472273595
-0.058765986535521404,0.4907490021312142,0.30263064892158853,0.6547028689363529
-0.00737042539848819,0.4576096906144413,0.33377322723698566,0.6519192298558353
0.0014805671225574125,0.37432324766536573,0.3761339905674127,0.5992536081180194
-0.030916921954028058,0.6297951240470906,0.3540960426758631,0.5961424819280231
0.00819006780028946,0.20250174824850717,0.30596111130027054,0.6887482458652874
-0.016129571838043602,0.4047854250612561,0.31363634323492307,0.6230881890421551
-0.024851755315520266,0.4925335833760087,0.4023399824587982,0.5620382684550953
-0.03504865874269175,0.44237496403652005,0.31102905984296275,0.6401428749111998
-0.04375551553165191,0.509344049135112,0.32221580259224897,0.64454060223279
-0.023164985302506894,0.34638171562650766,0.3214662519946088,0.65233680813493
-0.03376451245803818,0.5317139230624165,0.3458850223818399,0.6246785074652166
-0.001776485715787807,0.45120595605790514,0.3191442748332342,0.6366194295566047
-0.0024007948505438623,0.5059151563912021,0.42278169772859575,0.5677228882812598
-0.043011506431109445,0.35598622830700294,0.3509709031222949,0.6258101484811108
-0.02382598985440967,0.5501566807384122,0.33336784238207057,0.6318799500710445
-0.037821551972171956,0.418489860827119,0.3617857747418452,0.6254710307077788
-0.016239685835925326,0.3795151688200973,0.3288801471787092,0.6339247646781587
-0.015611910687037298,0.5423133690149655,0.3571239829839424,0.5853581852712231
0.005619715752858001,0.4224165993301248,0.35692891026360934,0.6316068492796029
-0.019078852401728217,0.44709004165470967,0.25392306747386584,0.7010613796468054
-0.03730326208859431,0.3957469231663856,0.41243781184161277,0.5860849081616928
-0.01787864706068028,0.7960787822038392,0.3713951290809104,0.49853633971463174
-0.03406534567828211,0.236115552468043,0.31683946457511647,0.6821592547551045
0.035064290890301456,0.4509165319822945,0.39253910261240565,0.5971686455919542
-0.00458802730180715,0.5233009928810142,0.2925542667158739,0.6066740252546222
-0.0286321956217069,0.48312804850168806,0.38343959224066754,0.584839005423617
-0.030486752246351174,0.4852437055740581,0.4030227878129876,0.5946066579467815
0.006081376348007478,0.441501157366422,0.3030858331704587,0.6481568548259488
-0.02883457483871133,0.3525171439633902,0.3039672655859427,0.6845028162499514
-0.0033974631781799793,0.6127527765257829,0.3005744008489258,0.5837774548796549
-0.03696498987842116,0.4225428627699123,0.36112682408831936,0.6103051917018246
-0.03600462970555423,0.3969363281094628,0.3144151429723367,0.6653188603726656
-0.004779112829782042,0.3939307473863403,0.36661394153149823,0.6277573563913323
0.009951785954988036,0.3226154847497216,0.2871500784024971,0.6939783558789631
-0.055173768574665785,0.3843459710900166,0.2813508858133313,0.7168675783036119
0.0020328147947124148,0.5613286895538564,0.3010056363747513,0.6866558269546463
0.016252104111317348,0.5216376034362523,0.4384082452084016,0.557830521504346
-0.03603885955210322,0.4038261970484765,0.3077784507900371,0.6619367003349182
-0.016556402359417924,0.46647871610577835,0.42575063092382,0.5619212983250934
0.021062766179393892,0.6383020901451149,0.4272839101059017,0.5048607022451512
-0.02745667818526825,0.5084713245002445,0.3485209844910852,0.6266407476035244
-0.026223979044926928,0.429274087777626,0.43008737135943975,0.5651326343250338
-0.023973438741023888,0.4034568255709626,0.3572405566939997,0.6034391123469737
-0.007697191904031658,0.509303208100568,0.4310417314447452,0.5662367657523549
0.020932357883320984,0.44588664246299625,0.32380773889092207,0.6444712371015106
-0.02669213202851327,0.44428829562575173,0.4047838064609612,0.58127166183393
-0.008451846044951776,0.3856526070565589,0.24066011935151504,0.7333118152542044
-0.04143633655558938,0.5051734184631838,0.3737323759966546,0.6051890481153342
0.01062203455408839,0.546874516708161,0.35343809859679176,0.6097578567850669
0.019965349639713116,0.33424213714744855,0.24797418057929074,0.7089826111545562
-0.01308761274164769,0.38138449867908664,0.326867211845372,0.6647556113857646
-0.010961261942964555,0.6838717428453105,0.43358234570770415,0.4872924451124604
-0.03382095479792367,0.4660130110772294,0.35504798028087636,0.5697157998555701
-0.018993282215151085,0.3228249401946533,0.3572480845776346,0.6384439156180156
-0.03622835893750538,0.4050895059708536,0.27903555661849294,0.6826566047900623
0.00045792996586574083,0.7097176462911443,0.4319248731232323,0.4868940208969071
-0.04434754788665351,0.4045756234273415,0.38456642045074335,0.6106242684149272
0.004276880900468892,0.5290101154870468,0.4266228831174713,0.49449058008603586
-0.022421017084730606,0.6214741711940737,0.35919158249340544,0.5410733274189329
-0.0024486564803502583,0.6228377869642516,0.46754998058371144,0.5249943488593626
-0.03473789545645441,0.5762229023747696,0.3348488960876006,0.6143699448037083
-0.036051075728861154,0.3899142835891861,0.31861441365778964,0.6452092163355766
0.01475881122571133,0.4321002258174246,0.27448873615866604,0.6869518130253907
-0.019381289718901337,0.2936793894310443,0.2973284070307265,0.6984852292886812
-0.009564022102086317,0.5302357644274864,0.3875236736980758,0.5451116254757956
-0.017815317222110393,0.4424689535510252,0.27085404992076056,0.6518644366744676
-0.04136301697640298,0.4443454547230725,0.38871341880213994,0.5855114217708388
-0.0176616314059135,0.37774834368321203,0.2391683357487681,0.7111015535535347
-0.005005664897494666,0.39980898481353105,0.3028858763610577,0.6824811951662454
-0.02307090282400128,0.496918812676446,0.3553323230274265,0.6213429908897998
0.007640354684387051,0.33769677511836527,0.3360831123941867,0.6595343547868303
0.01911459781248278,0.3932968204380442,0.3093862749144367,0.6495349001957661
0.02043234327906073,0.3333617212709591,0.31908832896907113,0.6644394012058726
-0.00832627760324715,0.5172868288662761,0.3064755697280121,0.6087437410226535
-0.009757238717009993,0.5019971034545823,0.25881244505814804,0.6707108519771512
-0.03425081506250086,0.6084628555836054,0.43875022193681334,0.5421817872877644
0.0031919163261131134,0.4720603154793663,0.4251978372541194,0.5435448383737758
-0.016232544650937673,0.5252003488202417,0.39495698446774186,0.5730753657879359
-0.023159279982248038,0.27060558915004074,0.31325312024896435,0.6722392384628679
-0.013269783972880799,0.5518548285188698,0.3869925818878446,0.5765435158277658
-0.03195852010935503,0.5343092458051955,0.39210178489243264,0.5961737953243065
0.0053906918425107395,0.38668053499534083,0.30524443813026664,0.6657905541583571
0.0009134071743927673,0.32979144569334795,0.3528689764321012,0.6342518919423165
-0.021465797406920728,0.5760835649436802,0.26838537469070556,0.6744076293063281
0.009902700538033287,0.6686219801815907,0.37837513410200796,0.5814078859563782
-0.005326693119505656,0.585571121608266,0.37595535442124567,0.6219429526549143
0.0474892768482253,0.8380613129593456,0.3593343092107037,0.5142637637622425
-0.007857084778464314,0.5687027070004295,0.38004514625887587,0.5953661618652014
-0.051042326129566565,0.5130183650323493,0.30376305864688635,0.6124944350191286
-0.008127363959974212,0.5457125953919305,0.30184701912396367,0.6077744054635057
-0.019263927586818386,0.8846758631595313,0.354171806760287,0.4816373455700945
-0.01587269707765552,0.4140320476813416,0.3080775950863503,0.6557288890827111
-0.025537852084239282,0.5229305940839416,0.3617614643078474,0.579541588367432
-0.00016370459942243072,0.6439213630899041,0.3565128377698778,0.5493501643706724
-0.04104848212746716,0.5004244950637015,0.3175841322208788,0.6066438732564398
0.010249784197598885,0.43743293836065444,0.33191511507237936,0.6546953430279578
-0.0032424352670871112,0.5072320058432815,0.38524486911286915,0.5741476680921562
-0.01075419201268375,0.8235505957887841,0.3557613625301176,0.5045409956019262
0.005848886977945859,0.49997164457532195,0.4057317359299201,0.5732801482685269
-0.01449754655841319,0.4399570929065332,0.35238775904314756,0.6325757393300061
0.0008641314551208392,0.41568077110170454,0.3531487023446367,0.6083049164552252
0.005623755344965299,0.5846951500450464,0.29438667926054785,0.6363608128790473
0.02043038242615528,0.3410082436487941,0.2711039912193711,0.7047157642868637
-0.00986288990651099,0.5844237969044197,0.42103348994319956,0.4719281811002809
-0.013739065039574123,0.5468679716811536,0.3097354565768063,0.6336170146735033
-0.04072229072309567,0.41351788545944845,0.2842748228811132,0.6961625350713866
0.0259333417239309,0.4847008513728258,0.2919904966971385,0.6446264546745616
